timestamp,frame,model,class,confidence
2025-04-09 01:05:45,73,FishInv,Class_7,0.674
2025-04-09 01:05:48,116,FishInv,Class_4,0.863
2025-04-09 01:12:31,97,FishInv,Class_4,0.648
2025-04-09 01:12:33,136,FishInv,Parrotfish,0.845
2025-04-09 01:12:51,72,FishInv,Class_4,0.904
2025-04-09 01:12:51,72,FishInv,Parrotfish,0.882
2025-04-09 01:13:20,87,FishInv,Class_7,0.573
2025-04-09 01:13:50,627,FishInv,Class_4,0.638
2025-04-09 01:14:30,76,FishInv,Class_7,0.631
2025-04-09 01:17:21,100,FishInv,Class_4,0.844
2025-04-09 01:17:21,100,FishInv,Parrotfish,0.829
2025-04-09 09:31:54,309,FishInv,Class_4,0.562
2025-04-09 09:31:57,367,FishInv,Class_7,0.697
2025-04-09 11:18:05,176,FishInv,Snapper,0.726
2025-04-09 11:18:14,327,FishInv,Class_10,0.566
2025-04-09 11:18:25,514,MegaFauna,Shark,0.568
2025-04-09 11:19:19,1432,FishInv,Class_4,0.636
2025-04-09 11:19:26,1556,FishInv,Class_7,0.788
2025-04-09 11:19:27,1572,MegaFauna,Ray,0.694
2025-04-09 11:19:28,1588,FishInv,Parrotfish,0.853
2025-04-09 15:53:20,377,MegaFauna,Ray,0.553
2025-04-09 15:53:27,478,MegaFauna,Shark,0.702
2025-04-28 22:52:48,135,FishInv,7,0.613
2025-04-28 22:53:16,638,FishInv,1,0.831
2025-04-28 22:53:21,729,FishInv,1,0.694
2025-04-28 22:53:26,814,FishInv,1,0.762
2025-04-28 22:53:31,896,FishInv,1,0.718
2025-04-28 22:53:35,980,FishInv,1,0.722
2025-04-28 22:53:40,1064,FishInv,1,0.712
2025-04-28 22:54:00,1407,FishInv,1,0.742
2025-04-28 22:54:28,1913,FishInv,12,0.861
2025-04-28 22:54:33,2002,FishInv,12,0.664
2025-04-28 22:54:37,2078,FishInv,12,0.699
2025-04-28 22:54:51,2321,FishInv,7,0.647
2025-04-28 22:55:04,2564,FishInv,7,0.554
2025-04-28 22:55:09,2646,FishInv,7,0.539
2025-04-28 22:55:45,3312,FishInv,12,0.798
2025-04-28 22:55:50,3396,FishInv,12,0.713
2025-04-28 22:55:54,3482,FishInv,12,0.85
2025-04-28 22:55:59,3566,FishInv,12,0.824
2025-04-28 22:56:04,3649,FishInv,12,0.748
2025-04-28 22:56:08,3732,FishInv,12,0.543
2025-04-28 22:56:13,3819,FishInv,12,0.695
2025-04-28 22:56:18,3901,FishInv,12,0.837
2025-04-28 22:56:22,3986,FishInv,12,0.851
2025-04-28 22:56:27,4068,FishInv,12,0.845
2025-04-28 22:56:32,4154,FishInv,12,0.61
2025-04-28 22:56:37,4231,FishInv,12,0.831
2025-04-28 22:56:42,4317,FishInv,12,0.753
2025-04-28 22:56:46,4404,FishInv,12,0.537
2025-04-28 22:56:58,4598,FishInv,12,0.65
2025-04-28 22:52:48,135,FishInv,7,0.613
2025-04-28 22:53:16,638,FishInv,1,0.831
2025-04-28 22:53:21,729,FishInv,1,0.694
2025-04-28 22:53:26,814,FishInv,1,0.762
2025-04-28 22:53:31,896,FishInv,1,0.718
2025-04-28 22:53:35,980,FishInv,1,0.722
2025-04-28 22:53:40,1064,FishInv,1,0.712
2025-04-28 22:54:00,1407,FishInv,1,0.742
2025-04-28 22:54:28,1913,FishInv,12,0.861
2025-04-28 22:54:33,2002,FishInv,12,0.664
2025-04-28 22:54:37,2078,FishInv,12,0.699
2025-04-28 22:54:51,2321,FishInv,7,0.647
2025-04-28 22:55:04,2564,FishInv,7,0.554
2025-04-28 22:55:09,2646,FishInv,7,0.539
2025-04-28 22:55:45,3312,FishInv,12,0.798
2025-04-28 22:55:50,3396,FishInv,12,0.713
2025-04-28 22:55:54,3482,FishInv,12,0.85
2025-04-28 22:55:59,3566,FishInv,12,0.824
2025-04-28 22:56:04,3649,FishInv,12,0.748
2025-04-28 22:56:08,3732,FishInv,12,0.543
2025-04-28 22:56:13,3819,FishInv,12,0.695
2025-04-28 22:56:18,3901,FishInv,12,0.837
2025-04-28 22:56:22,3986,FishInv,12,0.851
2025-04-28 22:56:27,4068,FishInv,12,0.845
2025-04-28 22:56:32,4154,FishInv,12,0.61
2025-04-28 22:56:37,4231,FishInv,12,0.831
2025-04-28 22:56:42,4317,FishInv,12,0.753
2025-04-28 22:56:46,4404,FishInv,12,0.537
2025-04-28 22:56:58,4598,FishInv,12,0.65
2025-04-28 22:57:48,69,FishInv,12,0.666
2025-04-28 22:57:51,146,MegaFauna,1,0.644
2025-04-28 22:57:56,255,MegaFauna,2,0.936
2025-04-28 22:57:58,308,FishInv,7,0.575
2025-04-28 22:57:59,343,MegaFauna,2,0.918
2025-04-28 22:58:03,437,MegaFauna,2,0.859
2025-04-28 22:58:11,624,MegaFauna,2,0.907
2025-04-28 22:58:12,637,Trash,2,0.841
2025-04-28 22:58:15,714,MegaFauna,2,0.926
2025-04-28 22:58:16,727,Trash,2,0.719
2025-04-28 22:58:18,763,FishInv,7,0.568
2025-04-28 22:58:20,802,MegaFauna,2,0.823
2025-04-28 22:58:24,901,MegaFauna,2,0.909
2025-04-28 22:58:24,918,Trash,2,0.888
2025-04-28 22:58:26,961,FishInv,7,0.749
2025-04-28 22:58:28,1007,MegaFauna,2,0.937
2025-04-28 22:58:28,1021,Trash,9,0.635
2025-04-28 22:58:30,1063,FishInv,11,0.601
2025-04-28 22:58:32,1105,MegaFauna,2,0.877
2025-04-28 22:58:32,1123,Trash,2,0.824
2025-04-28 22:58:34,1164,FishInv,7,0.801
2025-04-28 22:58:35,1209,MegaFauna,2,0.855
2025-04-28 22:58:39,1314,MegaFauna,2,0.895
2025-04-28 22:58:40,1326,Trash,2,0.895
2025-04-28 22:58:42,1371,FishInv,7,0.8
2025-04-28 22:58:43,1415,MegaFauna,2,0.941
2025-04-28 22:58:45,1473,FishInv,7,0.763
2025-04-28 22:58:47,1516,MegaFauna,2,0.942
2025-04-28 22:58:49,1571,FishInv,7,0.803
2025-04-28 22:58:51,1616,MegaFauna,2,0.915
2025-04-28 22:58:53,1679,FishInv,7,0.843
2025-04-28 22:58:55,1724,MegaFauna,2,0.931
2025-04-28 22:58:57,1777,FishInv,7,0.676
2025-04-28 22:58:59,1821,MegaFauna,2,0.93
2025-04-28 22:58:59,1834,Trash,2,0.581
2025-04-28 22:59:01,1873,FishInv,7,0.607
2025-04-28 22:59:03,1915,MegaFauna,2,0.923
2025-04-28 22:59:03,1926,Trash,2,0.89
2025-04-28 22:59:05,1969,FishInv,7,0.698
2025-04-28 22:59:07,2017,MegaFauna,2,0.927
2025-04-28 22:59:08,2035,Trash,2,0.73
2025-04-28 22:59:14,2178,FishInv,12,0.599
2025-04-28 22:59:19,2269,FishInv,7,0.505
2025-04-28 22:59:23,2349,FishInv,12,0.595
2025-04-28 22:59:25,2383,MegaFauna,2,0.841
2025-04-28 22:59:27,2428,FishInv,12,0.859
2025-04-28 22:59:29,2468,MegaFauna,2,0.658
2025-04-28 22:59:32,2524,MegaFauna,2,0.505
2025-04-29 00:02:30,192,FishInv,12,0.505
2025-04-29 00:02:31,200,FishInv,12,0.544
2025-04-29 00:02:31,206,FishInv,12,0.548
2025-04-29 00:02:34,232,Trash,3,0.558
2025-04-29 00:02:36,247,FishInv,8,0.551
2025-04-29 00:02:43,314,MegaFauna,2,0.687
2025-04-29 00:02:44,317,FishInv,8,0.565
2025-04-29 00:02:50,377,Trash,2,0.67
2025-04-29 00:02:51,382,Trash,3,0.669
2025-04-29 00:02:51,382,Trash,2,0.583
2025-04-29 00:02:51,384,FishInv,4,0.522
2025-04-29 00:02:54,419,Trash,2,0.568
2025-04-29 00:02:55,424,Trash,3,0.592
2025-04-29 00:02:55,424,Trash,2,0.536
2025-04-29 00:02:55,429,Trash,3,0.627
2025-04-29 00:02:56,432,Trash,3,0.671
2025-04-29 00:02:56,436,Trash,2,0.501
2025-04-29 00:02:57,441,Trash,3,0.644
2025-04-29 00:02:57,445,Trash,3,0.558
2025-04-29 00:02:58,456,FishInv,8,0.696
2025-04-29 00:02:59,460,FishInv,8,0.557
2025-04-29 00:02:59,468,Trash,7,0.596
2025-04-29 00:02:59,468,Trash,3,0.525
2025-04-29 00:03:00,478,Trash,3,0.73
2025-04-29 00:03:00,478,Trash,7,0.665
2025-04-29 00:03:02,496,Trash,3,0.622
2025-04-29 00:03:02,496,Trash,7,0.511
2025-04-29 00:03:05,521,Trash,7,0.533
2025-04-29 00:03:06,527,Trash,7,0.507
2025-04-29 00:03:07,537,Trash,3,0.664
2025-04-29 00:03:08,547,FishInv,8,0.558
2025-04-29 00:03:09,554,Trash,3,0.634
2025-04-29 00:03:09,560,FishInv,4,0.532
2025-04-29 00:03:10,564,FishInv,8,0.776
2025-04-29 00:03:10,569,FishInv,8,0.725
2025-04-29 00:03:11,573,FishInv,8,0.756
2025-04-29 00:03:14,606,FishInv,12,0.579
2025-04-29 00:03:15,621,FishInv,8,0.793
2025-04-29 00:03:19,658,Trash,2,0.593
2025-04-29 00:03:19,658,Trash,2,0.565
2025-04-29 00:03:19,658,Trash,2,0.515
2025-04-29 00:03:19,663,Trash,2,0.682
2025-04-29 00:03:20,666,MegaFauna,2,0.81
2025-04-29 00:03:20,667,Trash,2,0.858
2025-04-29 00:03:20,667,Trash,2,0.681
2025-04-29 00:03:20,667,Trash,2,0.572
2025-04-29 00:03:20,671,MegaFauna,2,0.811
2025-04-29 00:03:20,672,Trash,2,0.731
2025-04-29 00:03:21,674,FishInv,11,0.853
2025-04-29 00:03:21,675,MegaFauna,2,0.899
2025-04-29 00:03:21,678,Trash,2,0.851
2025-04-29 00:03:21,678,Trash,2,0.701
2025-04-29 00:03:21,679,FishInv,11,0.855
2025-04-29 00:03:21,681,MegaFauna,2,0.894
2025-04-29 00:03:21,682,Trash,2,0.712
2025-04-29 00:03:22,685,FishInv,11,0.888
2025-04-29 00:03:22,687,MegaFauna,2,0.853
2025-04-29 00:03:22,688,Trash,2,0.807
2025-04-29 00:03:22,688,Trash,2,0.762
2025-04-29 00:03:22,688,Trash,9,0.549
2025-04-29 00:03:22,690,FishInv,11,0.874
2025-04-29 00:03:22,691,MegaFauna,2,0.886
2025-04-29 00:03:22,693,Trash,2,0.591
2025-04-29 00:03:23,694,FishInv,11,0.596
2025-04-29 00:03:23,696,MegaFauna,2,0.94
2025-04-29 00:03:23,698,Trash,2,0.525
2025-04-29 00:03:23,700,FishInv,11,0.783
2025-04-29 00:03:23,702,MegaFauna,2,0.913
2025-04-29 00:03:24,705,FishInv,11,0.871
2025-04-29 00:03:24,706,MegaFauna,2,0.886
2025-04-29 00:03:24,708,Trash,2,0.709
2025-04-29 00:03:24,708,Trash,2,0.617
2025-04-29 00:03:24,711,FishInv,11,0.898
2025-04-29 00:03:24,712,MegaFauna,2,0.911
2025-04-29 00:03:25,714,Trash,2,0.624
2025-04-29 00:03:25,714,Trash,2,0.517
2025-04-29 00:03:25,715,FishInv,11,0.897
2025-04-29 00:03:25,718,MegaFauna,2,0.862
2025-04-29 00:03:25,719,Trash,2,0.831
2025-04-29 00:03:25,721,FishInv,11,0.841
2025-04-29 00:03:26,724,MegaFauna,2,0.909
2025-04-29 00:03:26,725,Trash,2,0.887
2025-04-29 00:03:26,725,Trash,8,0.531
2025-04-29 00:03:26,726,FishInv,11,0.785
2025-04-29 00:03:26,727,MegaFauna,2,0.911
2025-04-29 00:03:26,730,Trash,2,0.835
2025-04-29 00:03:26,730,Trash,8,0.582
2025-04-29 00:03:26,732,FishInv,11,0.698
2025-04-29 00:03:27,734,MegaFauna,2,0.943
2025-04-29 00:03:27,735,Trash,2,0.798
2025-04-29 00:03:27,735,Trash,2,0.561
2025-04-29 00:03:27,737,FishInv,11,0.756
2025-04-29 00:03:27,739,MegaFauna,2,0.927
2025-04-29 00:03:27,741,Trash,8,0.639
2025-04-29 00:03:27,744,FishInv,11,0.799
2025-04-29 00:03:28,745,MegaFauna,2,0.931
2025-04-29 00:03:28,749,FishInv,11,0.886
2025-04-29 00:03:28,751,MegaFauna,2,0.911
2025-04-29 00:03:28,752,Trash,2,0.77
2025-04-29 00:03:28,753,FishInv,11,0.892
2025-04-29 00:03:28,754,MegaFauna,2,0.895
2025-04-29 00:03:29,757,Trash,2,0.829
2025-04-29 00:03:29,758,FishInv,11,0.874
2025-04-29 00:03:29,761,MegaFauna,2,0.897
2025-04-29 00:03:29,761,Trash,2,0.754
2025-04-29 00:03:29,763,FishInv,11,0.884
2025-04-29 00:03:30,765,MegaFauna,2,0.914
2025-04-29 00:03:30,766,Trash,2,0.757
2025-04-29 00:03:30,769,FishInv,11,0.886
2025-04-29 00:03:30,771,MegaFauna,2,0.906
2025-04-29 00:03:30,773,Trash,2,0.659
2025-04-29 00:03:30,774,FishInv,11,0.895
2025-04-29 00:03:31,776,MegaFauna,2,0.9
2025-04-29 00:03:31,778,Trash,2,0.76
2025-04-29 00:03:31,781,FishInv,11,0.894
2025-04-29 00:03:31,782,MegaFauna,2,0.945
2025-04-29 00:03:31,782,MegaFauna,2,0.503
2025-04-29 00:03:31,785,FishInv,11,0.885
2025-04-29 00:03:32,787,MegaFauna,2,0.93
2025-04-29 00:03:32,789,Trash,2,0.742
2025-04-29 00:03:32,791,FishInv,11,0.891
2025-04-29 00:03:32,794,MegaFauna,2,0.929
2025-04-29 00:03:32,794,Trash,2,0.721
2025-04-29 00:03:32,796,FishInv,11,0.882
2025-04-29 00:03:33,798,MegaFauna,2,0.924
2025-04-29 00:03:33,799,Trash,2,0.679
2025-04-29 00:03:33,800,FishInv,11,0.884
2025-04-29 00:03:33,803,MegaFauna,2,0.916
2025-04-29 00:03:33,803,Trash,2,0.809
2025-04-29 00:03:33,806,FishInv,11,0.896
2025-04-29 00:03:33,807,MegaFauna,2,0.852
2025-04-29 00:03:34,810,FishInv,11,0.895
2025-04-29 00:03:34,812,MegaFauna,2,0.892
2025-04-29 00:03:34,814,Trash,2,0.647
2025-04-29 00:03:34,816,FishInv,11,0.907
2025-04-29 00:03:35,818,MegaFauna,2,0.863
2025-04-29 00:03:35,819,Trash,2,0.694
2025-04-29 00:03:35,819,Trash,8,0.61
2025-04-29 00:03:35,821,FishInv,11,0.905
2025-04-29 00:03:35,822,MegaFauna,2,0.901
2025-04-29 00:03:35,824,Trash,2,0.87
2025-04-29 00:03:35,825,FishInv,11,0.898
2025-04-29 00:03:36,828,MegaFauna,2,0.916
2025-04-29 00:03:36,829,Trash,2,0.88
2025-04-29 00:03:36,829,Trash,8,0.664
2025-04-29 00:03:36,831,FishInv,11,0.91
2025-04-29 00:03:36,832,MegaFauna,2,0.902
2025-04-29 00:03:36,834,Trash,2,0.882
2025-04-29 00:03:36,834,Trash,8,0.657
2025-04-29 00:03:36,835,FishInv,11,0.915
2025-04-29 00:03:37,837,MegaFauna,2,0.911
2025-04-29 00:03:37,837,MegaFauna,2,0.534
2025-04-29 00:03:37,839,Trash,0,0.508
2025-04-29 00:03:37,841,FishInv,11,0.904
2025-04-29 00:03:37,843,MegaFauna,2,0.92
2025-04-29 00:03:37,843,Trash,2,0.868
2025-04-29 00:03:37,846,FishInv,11,0.917
2025-04-29 00:03:37,847,MegaFauna,2,0.915
2025-04-29 00:03:38,849,Trash,2,0.885
2025-04-29 00:03:38,851,FishInv,11,0.874
2025-04-29 00:03:38,855,MegaFauna,2,0.875
2025-04-29 00:03:38,856,Trash,2,0.868
2025-04-29 00:03:38,856,Trash,8,0.602
2025-04-29 00:03:39,859,FishInv,11,0.907
2025-04-29 00:03:39,862,MegaFauna,2,0.883
2025-04-29 00:03:39,863,Trash,2,0.903
2025-04-29 00:03:39,865,FishInv,11,0.897
2025-04-29 00:03:39,867,MegaFauna,2,0.874
2025-04-29 00:03:40,869,Trash,2,0.9
2025-04-29 00:03:40,869,Trash,8,0.574
2025-04-29 00:03:40,872,FishInv,11,0.875
2025-04-29 00:03:40,873,MegaFauna,2,0.886
2025-04-29 00:03:40,873,MegaFauna,2,0.504
2025-04-29 00:03:40,873,Trash,2,0.767
2025-04-29 00:03:40,875,FishInv,11,0.873
2025-04-29 00:03:40,877,MegaFauna,2,0.872
2025-04-29 00:03:41,878,Trash,2,0.885
2025-04-29 00:03:41,880,FishInv,11,0.883
2025-04-29 00:03:41,882,MegaFauna,2,0.883
2025-04-29 00:03:41,884,Trash,2,0.889
2025-04-29 00:03:41,886,FishInv,11,0.89
2025-04-29 00:03:42,888,MegaFauna,2,0.865
2025-04-29 00:03:42,889,Trash,2,0.903
2025-04-29 00:03:42,889,Trash,8,0.511
2025-04-29 00:03:42,891,FishInv,11,0.842
2025-04-29 00:03:42,893,MegaFauna,2,0.882
2025-04-29 00:03:42,895,Trash,2,0.909
2025-04-29 00:03:43,897,FishInv,11,0.874
2025-04-29 00:03:43,899,MegaFauna,2,0.889
2025-04-29 00:03:43,900,Trash,2,0.883
2025-04-29 00:03:43,902,FishInv,11,0.899
2025-04-29 00:03:43,904,MegaFauna,2,0.899
2025-04-29 00:03:43,905,Trash,2,0.884
2025-04-29 00:03:44,907,FishInv,11,0.873
2025-04-29 00:03:44,910,MegaFauna,2,0.891
2025-04-29 00:03:44,910,Trash,2,0.897
2025-04-29 00:03:44,912,FishInv,11,0.87
2025-04-29 00:03:44,914,MegaFauna,2,0.909
2025-04-29 00:03:44,916,Trash,2,0.907
2025-04-29 00:03:44,917,FishInv,11,0.841
2025-04-29 00:03:45,919,MegaFauna,2,0.899
2025-04-29 00:03:45,920,Trash,2,0.871
2025-04-29 00:03:45,922,FishInv,11,0.863
2025-04-29 00:03:45,925,MegaFauna,2,0.91
2025-04-29 00:03:45,926,Trash,2,0.709
2025-04-29 00:03:45,927,FishInv,11,0.896
2025-04-29 00:03:46,929,MegaFauna,2,0.893
2025-04-29 00:03:46,930,Trash,2,0.746
2025-04-29 00:03:46,932,FishInv,11,0.879
2025-04-29 00:03:46,933,MegaFauna,2,0.899
2025-04-29 00:03:46,935,Trash,2,0.792
2025-04-29 00:03:46,936,FishInv,11,0.866
2025-04-29 00:03:47,938,MegaFauna,2,0.916
2025-04-29 00:03:47,940,Trash,2,0.748
2025-04-29 00:03:47,942,FishInv,11,0.882
2025-04-29 00:03:47,944,MegaFauna,2,0.906
2025-04-29 00:03:47,946,Trash,2,0.83
2025-04-29 00:03:48,947,FishInv,11,0.883
2025-04-29 00:03:48,950,MegaFauna,2,0.902
2025-04-29 00:03:48,951,Trash,2,0.834
2025-04-29 00:03:48,953,FishInv,11,0.883
2025-04-29 00:03:48,954,MegaFauna,2,0.918
2025-04-29 00:03:48,955,Trash,2,0.658
2025-04-29 00:03:48,956,FishInv,11,0.902
2025-04-29 00:03:49,959,MegaFauna,2,0.93
2025-04-29 00:03:49,960,Trash,2,0.742
2025-04-29 00:03:49,960,Trash,2,0.547
2025-04-29 00:03:49,963,FishInv,11,0.902
2025-04-29 00:03:49,964,MegaFauna,2,0.898
2025-04-29 00:03:49,966,Trash,2,0.839
2025-04-29 00:03:50,969,MegaFauna,2,0.862
2025-04-29 00:03:50,971,Trash,2,0.804
2025-04-29 00:03:50,972,FishInv,11,0.74
2025-04-29 00:03:50,975,MegaFauna,2,0.918
2025-04-29 00:03:50,975,Trash,2,0.582
2025-04-29 00:03:50,977,FishInv,11,0.842
2025-04-29 00:03:50,978,MegaFauna,2,0.898
2025-04-29 00:03:51,980,Trash,2,0.557
2025-04-29 00:03:51,981,FishInv,11,0.862
2025-04-29 00:03:51,983,MegaFauna,2,0.909
2025-04-29 00:03:51,985,Trash,2,0.702
2025-04-29 00:03:51,987,FishInv,11,0.532
2025-04-29 00:03:52,989,MegaFauna,2,0.921
2025-04-29 00:03:52,991,Trash,2,0.623
2025-04-29 00:03:52,996,MegaFauna,2,0.842
2025-04-29 00:03:52,997,Trash,9,0.663
2025-04-29 00:03:52,997,Trash,2,0.597
2025-04-29 00:03:53,1002,MegaFauna,2,0.85
2025-04-29 00:03:53,1006,MegaFauna,2,0.875
2025-04-29 00:03:54,1011,MegaFauna,2,0.867
2025-04-29 00:03:54,1015,MegaFauna,2,0.64
2025-04-29 00:03:55,1020,MegaFauna,2,0.905
2025-04-29 00:03:55,1021,Trash,2,0.709
2025-04-29 00:03:55,1024,MegaFauna,2,0.862
2025-04-29 00:03:55,1026,Trash,9,0.519
2025-04-29 00:03:55,1027,FishInv,11,0.887
2025-04-29 00:03:56,1029,MegaFauna,2,0.905
2025-04-29 00:03:56,1030,Trash,2,0.852
2025-04-29 00:03:56,1032,FishInv,11,0.886
2025-04-29 00:03:56,1035,MegaFauna,2,0.917
2025-04-29 00:03:56,1036,Trash,2,0.803
2025-04-29 00:03:56,1036,Trash,8,0.572
2025-04-29 00:03:57,1038,FishInv,11,0.826
2025-04-29 00:03:57,1040,MegaFauna,2,0.939
2025-04-29 00:03:57,1041,Trash,2,0.883
2025-04-29 00:03:57,1041,Trash,8,0.68
2025-04-29 00:03:57,1041,Trash,2,0.553
2025-04-29 00:03:57,1042,FishInv,11,0.883
2025-04-29 00:03:57,1044,MegaFauna,2,0.916
2025-04-29 00:03:58,1045,Trash,2,0.872
2025-04-29 00:03:58,1045,Trash,2,0.524
2025-04-29 00:03:58,1047,FishInv,11,0.913
2025-04-29 00:03:58,1049,MegaFauna,2,0.914
2025-04-29 00:03:58,1050,Trash,2,0.909
2025-04-29 00:03:58,1052,FishInv,11,0.909
2025-04-29 00:03:58,1053,MegaFauna,2,0.943
2025-04-29 00:03:58,1054,Trash,2,0.892
2025-04-29 00:03:59,1057,FishInv,11,0.888
2025-04-29 00:03:59,1060,MegaFauna,2,0.939
2025-04-29 00:03:59,1061,Trash,2,0.725
2025-04-29 00:03:59,1061,Trash,8,0.517
2025-04-29 00:03:59,1063,FishInv,11,0.896
2025-04-29 00:03:59,1064,MegaFauna,2,0.93
2025-04-29 00:03:59,1066,Trash,2,0.881
2025-04-29 00:03:59,1066,Trash,8,0.659
2025-04-29 00:04:00,1069,FishInv,11,0.9
2025-04-29 00:04:00,1070,MegaFauna,2,0.928
2025-04-29 00:04:00,1073,Trash,2,0.88
2025-04-29 00:04:00,1073,Trash,8,0.628
2025-04-29 00:04:00,1074,FishInv,11,0.906
2025-04-29 00:04:00,1076,MegaFauna,2,0.923
2025-04-29 00:04:00,1077,Trash,2,0.873
2025-04-29 00:04:01,1079,FishInv,11,0.897
2025-04-29 00:04:01,1081,MegaFauna,2,0.922
2025-04-29 00:04:01,1083,Trash,2,0.884
2025-04-29 00:04:01,1084,FishInv,11,0.885
2025-04-29 00:04:01,1086,MegaFauna,2,0.916
2025-04-29 00:04:02,1088,Trash,2,0.895
2025-04-29 00:04:02,1090,FishInv,11,0.907
2025-04-29 00:04:02,1092,MegaFauna,2,0.898
2025-04-29 00:04:02,1093,Trash,2,0.892
2025-04-29 00:04:02,1093,Trash,9,0.515
2025-04-29 00:04:02,1095,FishInv,11,0.827
2025-04-29 00:04:02,1097,MegaFauna,2,0.93
2025-04-29 00:04:03,1099,Trash,2,0.852
2025-04-29 00:04:03,1101,FishInv,11,0.871
2025-04-29 00:04:03,1104,MegaFauna,2,0.921
2025-04-29 00:04:03,1106,Trash,2,0.836
2025-04-29 00:04:03,1108,FishInv,11,0.865
2025-04-29 00:04:03,1110,MegaFauna,2,0.908
2025-04-29 00:04:04,1112,Trash,2,0.54
2025-04-29 00:04:04,1112,Trash,2,0.521
2025-04-29 00:04:04,1112,Trash,9,0.51
2025-04-29 00:04:04,1114,FishInv,11,0.903
2025-04-29 00:04:04,1117,MegaFauna,2,0.947
2025-04-29 00:04:04,1119,Trash,2,0.514
2025-04-29 00:04:04,1120,FishInv,11,0.896
2025-04-29 00:04:05,1124,MegaFauna,2,0.95
2025-04-29 00:04:05,1126,Trash,2,0.67
2025-04-29 00:04:05,1128,FishInv,11,0.839
2025-04-29 00:04:05,1130,MegaFauna,2,0.94
2025-04-29 00:04:05,1131,Trash,2,0.875
2025-04-29 00:04:05,1131,Trash,2,0.745
2025-04-29 00:04:06,1133,FishInv,11,0.872
2025-04-29 00:04:06,1136,MegaFauna,2,0.947
2025-04-29 00:04:06,1136,Trash,2,0.842
2025-04-29 00:04:06,1136,Trash,2,0.55
2025-04-29 00:04:06,1139,MegaFauna,2,0.923
2025-04-29 00:04:07,1144,MegaFauna,2,0.909
2025-04-29 00:04:09,1161,MegaFauna,2,0.719
2025-04-29 00:04:11,1177,FishInv,12,0.689
2025-04-29 00:04:12,1187,Trash,3,0.541
2025-04-29 00:04:12,1187,Trash,7,0.522
2025-04-29 00:04:14,1210,MegaFauna,2,0.78
2025-04-29 00:04:14,1213,Trash,2,0.688
2025-04-29 00:04:14,1213,Trash,2,0.538
2025-04-29 00:04:14,1216,MegaFauna,2,0.835
2025-04-29 00:04:15,1218,Trash,2,0.697
2025-04-29 00:04:15,1219,FishInv,11,0.921
2025-04-29 00:04:15,1221,MegaFauna,2,0.93
2025-04-29 00:04:15,1222,Trash,2,0.841
2025-04-29 00:04:15,1224,FishInv,11,0.897
2025-04-29 00:04:15,1226,MegaFauna,2,0.912
2025-04-29 00:04:16,1228,Trash,2,0.595
2025-04-29 00:04:16,1229,FishInv,11,0.888
2025-04-29 00:04:16,1231,MegaFauna,2,0.917
2025-04-29 00:04:16,1233,Trash,2,0.836
2025-04-29 00:04:16,1234,FishInv,11,0.891
2025-04-29 00:04:17,1237,MegaFauna,2,0.91
2025-04-29 00:04:17,1238,Trash,2,0.804
2025-04-29 00:04:17,1239,FishInv,11,0.858
2025-04-29 00:04:17,1241,MegaFauna,2,0.939
2025-04-29 00:04:17,1243,Trash,2,0.836
2025-04-29 00:04:17,1244,FishInv,11,0.848
2025-04-29 00:04:17,1246,MegaFauna,2,0.905
2025-04-29 00:04:18,1248,Trash,2,0.852
2025-04-29 00:04:18,1248,Trash,2,0.778
2025-04-29 00:04:18,1249,FishInv,11,0.825
2025-04-29 00:04:18,1251,MegaFauna,2,0.891
2025-04-29 00:04:18,1252,Trash,2,0.848
2025-04-29 00:04:18,1252,Trash,2,0.804
2025-04-29 00:04:18,1255,FishInv,11,0.881
2025-04-29 00:04:18,1257,MegaFauna,2,0.879
2025-04-29 00:04:19,1259,Trash,2,0.875
2025-04-29 00:04:19,1259,Trash,2,0.79
2025-04-29 00:04:19,1260,FishInv,11,0.887
2025-04-29 00:04:19,1262,MegaFauna,2,0.859
2025-04-29 00:04:19,1263,Trash,2,0.873
2025-04-29 00:04:19,1263,Trash,2,0.642
2025-04-29 00:04:19,1265,FishInv,11,0.808
2025-04-29 00:04:20,1268,MegaFauna,2,0.908
2025-04-29 00:04:20,1269,Trash,2,0.868
2025-04-29 00:04:20,1271,FishInv,11,0.833
2025-04-29 00:04:20,1273,MegaFauna,2,0.883
2025-04-29 00:04:20,1275,Trash,2,0.818
2025-04-29 00:04:20,1276,FishInv,11,0.857
2025-04-29 00:04:21,1278,MegaFauna,2,0.908
2025-04-29 00:04:21,1279,Trash,2,0.91
2025-04-29 00:04:21,1279,Trash,2,0.787
2025-04-29 00:04:21,1281,FishInv,11,0.875
2025-04-29 00:04:21,1282,MegaFauna,2,0.885
2025-04-29 00:04:21,1284,Trash,2,0.908
2025-04-29 00:04:21,1284,Trash,2,0.825
2025-04-29 00:04:21,1285,FishInv,11,0.858
2025-04-29 00:04:21,1287,MegaFauna,2,0.884
2025-04-29 00:04:22,1288,Trash,2,0.87
2025-04-29 00:04:22,1288,Trash,2,0.756
2025-04-29 00:04:22,1290,FishInv,11,0.839
2025-04-29 00:04:22,1291,MegaFauna,2,0.902
2025-04-29 00:04:22,1293,Trash,2,0.901
2025-04-29 00:04:22,1293,Trash,2,0.745
2025-04-29 00:04:22,1294,FishInv,11,0.829
2025-04-29 00:04:22,1297,MegaFauna,2,0.882
2025-04-29 00:04:22,1298,Trash,2,0.896
2025-04-29 00:04:22,1298,Trash,2,0.733
2025-04-29 00:04:23,1302,FishInv,11,0.851
2025-04-29 00:04:23,1304,MegaFauna,2,0.894
2025-04-29 00:04:23,1306,Trash,2,0.889
2025-04-29 00:04:23,1306,Trash,2,0.761
2025-04-29 00:04:23,1307,FishInv,11,0.856
2025-04-29 00:04:24,1310,MegaFauna,2,0.883
2025-04-29 00:04:24,1311,Trash,2,0.869
2025-04-29 00:04:24,1311,Trash,2,0.665
2025-04-29 00:04:24,1313,FishInv,11,0.878
2025-04-29 00:04:24,1315,MegaFauna,2,0.864
2025-04-29 00:04:24,1316,Trash,2,0.903
2025-04-29 00:04:24,1316,Trash,2,0.815
2025-04-29 00:04:24,1316,Trash,2,0.522
2025-04-29 00:04:24,1318,FishInv,11,0.875
2025-04-29 00:04:25,1319,MegaFauna,2,0.881
2025-04-29 00:04:25,1321,Trash,2,0.895
2025-04-29 00:04:25,1321,Trash,2,0.807
2025-04-29 00:04:25,1321,Trash,2,0.53
2025-04-29 00:04:25,1322,FishInv,11,0.873
2025-04-29 00:04:25,1324,MegaFauna,2,0.889
2025-04-29 00:04:25,1325,Trash,2,0.903
2025-04-29 00:04:25,1325,Trash,2,0.854
2025-04-29 00:04:25,1325,Trash,2,0.619
2025-04-29 00:04:25,1327,FishInv,11,0.867
2025-04-29 00:04:25,1328,MegaFauna,2,0.89
2025-04-29 00:04:26,1330,Trash,2,0.878
2025-04-29 00:04:26,1330,Trash,2,0.855
2025-04-29 00:04:26,1333,FishInv,11,0.839
2025-04-29 00:04:26,1334,MegaFauna,2,0.909
2025-04-29 00:04:26,1336,Trash,2,0.849
2025-04-29 00:04:26,1336,Trash,2,0.752
2025-04-29 00:04:26,1337,FishInv,11,0.788
2025-04-29 00:04:27,1339,MegaFauna,2,0.927
2025-04-29 00:04:27,1340,Trash,2,0.818
2025-04-29 00:04:27,1342,FishInv,11,0.84
2025-04-29 00:04:27,1344,MegaFauna,2,0.915
2025-04-29 00:04:27,1345,Trash,2,0.846
2025-04-29 00:04:27,1345,Trash,2,0.764
2025-04-29 00:04:27,1347,FishInv,11,0.861
2025-04-29 00:04:28,1348,MegaFauna,2,0.893
2025-04-29 00:04:28,1350,Trash,2,0.891
2025-04-29 00:04:28,1350,Trash,2,0.855
2025-04-29 00:04:28,1351,FishInv,11,0.828
2025-04-29 00:04:28,1353,MegaFauna,2,0.899
2025-04-29 00:04:28,1354,Trash,2,0.788
2025-04-29 00:04:28,1354,Trash,2,0.713
2025-04-29 00:04:28,1354,Trash,2,0.521
2025-04-29 00:04:28,1356,FishInv,11,0.847
2025-04-29 00:04:28,1358,MegaFauna,2,0.918
2025-04-29 00:04:29,1360,Trash,2,0.788
2025-04-29 00:04:29,1360,Trash,2,0.772
2025-04-29 00:04:29,1361,FishInv,11,0.788
2025-04-29 00:04:29,1363,MegaFauna,2,0.881
2025-04-29 00:04:29,1364,Trash,2,0.8
2025-04-29 00:04:29,1364,Trash,2,0.765
2025-04-29 00:04:29,1367,FishInv,11,0.776
2025-04-29 00:04:29,1367,FishInv,7,0.515
2025-04-29 00:04:30,1370,MegaFauna,2,0.899
2025-04-29 00:04:30,1371,Trash,2,0.758
2025-04-29 00:04:30,1373,FishInv,11,0.723
2025-04-29 00:04:30,1374,MegaFauna,2,0.89
2025-04-29 00:04:30,1376,Trash,2,0.793
2025-04-29 00:04:30,1376,Trash,2,0.571
2025-04-29 00:04:30,1377,FishInv,11,0.831
2025-04-29 00:04:31,1379,MegaFauna,2,0.883
2025-04-29 00:04:31,1380,Trash,2,0.821
2025-04-29 00:04:31,1380,Trash,2,0.551
2025-04-29 00:04:31,1382,FishInv,11,0.661
2025-04-29 00:04:31,1384,MegaFauna,2,0.9
2025-04-29 00:04:31,1385,Trash,2,0.584
2025-04-29 00:04:31,1385,Trash,2,0.579
2025-04-29 00:04:31,1388,MegaFauna,2,0.912
2025-04-29 00:04:32,1395,MegaFauna,2,0.833
2025-04-29 00:04:33,1403,MegaFauna,2,0.568
2025-04-29 00:04:34,1412,FishInv,14,0.8
2025-04-29 00:04:37,1444,FishInv,14,0.501
2025-04-29 00:15:12,211,Trash,7,0.688
2025-04-29 00:15:12,211,Trash,3,0.563
2025-04-29 00:15:13,226,Trash,7,0.724
2025-04-29 00:15:13,229,FishInv,4,0.511
2025-04-29 00:15:15,243,Trash,7,0.72
2025-04-29 00:15:15,243,Trash,3,0.654
2025-04-29 00:15:16,251,Trash,7,0.71
2025-04-29 00:15:16,257,Trash,7,0.664
2025-04-29 00:15:16,257,Trash,3,0.509
2025-04-29 00:15:17,263,Trash,7,0.662
2025-04-29 00:15:17,267,Trash,7,0.695
2025-04-29 00:15:18,272,Trash,7,0.723
2025-04-29 00:15:19,278,Trash,7,0.712
2025-04-29 00:15:19,282,Trash,7,0.74
2025-04-29 00:15:20,287,Trash,7,0.694
2025-04-29 00:15:20,292,Trash,7,0.754
2025-04-29 00:15:20,292,Trash,3,0.527
2025-04-29 00:15:21,297,Trash,7,0.574
2025-04-29 00:15:21,301,Trash,7,0.699
2025-04-29 00:15:21,302,FishInv,4,0.723
2025-04-29 00:15:22,311,Trash,7,0.69
2025-04-29 00:15:23,316,Trash,7,0.755
2025-04-29 00:15:23,316,Trash,3,0.574
2025-04-29 00:15:23,319,Trash,7,0.713
2025-04-29 00:15:23,319,Trash,3,0.644
2025-04-29 00:15:24,324,Trash,7,0.659
2025-04-29 00:15:24,327,Trash,7,0.771
2025-04-29 00:15:24,327,Trash,3,0.641
2025-04-29 00:15:25,333,Trash,7,0.785
2025-04-29 00:15:25,333,Trash,3,0.706
2025-04-29 00:15:25,336,Trash,7,0.791
2025-04-29 00:15:25,336,Trash,3,0.687
2025-04-29 00:15:27,347,Trash,7,0.628
2025-04-29 00:15:27,352,Trash,7,0.587
2025-04-29 00:15:28,357,Trash,7,0.686
2025-04-29 00:15:28,362,Trash,7,0.735
2025-04-29 00:15:29,366,Trash,7,0.744
2025-04-29 00:15:29,372,Trash,7,0.742
2025-04-29 00:15:29,372,Trash,3,0.589
2025-04-29 00:15:30,373,FishInv,4,0.517
2025-04-29 00:15:30,377,FishInv,4,0.667
2025-04-29 00:15:31,384,Trash,7,0.623
2025-04-29 00:15:31,385,FishInv,1,0.575
2025-04-29 00:15:32,393,Trash,7,0.789
2025-04-29 00:15:32,393,Trash,3,0.521
2025-04-29 00:15:32,395,FishInv,4,0.61
2025-04-29 00:15:33,399,FishInv,4,0.521
2025-04-29 00:15:34,408,Trash,7,0.758
2025-04-29 00:15:34,413,Trash,7,0.766
2025-04-29 00:15:35,416,Trash,7,0.759
2025-04-29 00:15:35,422,Trash,7,0.778
2025-04-29 00:15:36,427,Trash,7,0.817
2025-04-29 00:15:36,427,Trash,3,0.558
2025-04-29 00:15:37,433,Trash,7,0.765
2025-04-29 00:15:37,437,Trash,7,0.692
2025-04-29 00:15:37,437,Trash,3,0.507
2025-04-29 00:15:38,443,Trash,7,0.748
2025-04-29 00:15:38,446,Trash,7,0.744
2025-04-29 00:15:39,451,Trash,7,0.774
2025-04-29 00:15:39,455,Trash,7,0.735
2025-04-29 00:15:40,457,FishInv,4,0.756
2025-04-29 00:15:40,461,FishInv,4,0.618
2025-04-29 00:15:41,469,Trash,7,0.756
2025-04-29 00:15:41,471,FishInv,4,0.551
2025-04-29 00:15:42,480,Trash,7,0.668
2025-04-29 00:15:42,481,FishInv,4,0.797
2025-04-29 00:15:43,488,FishInv,4,0.626
2025-04-29 00:15:44,498,Trash,7,0.701
2025-04-29 00:15:44,500,FishInv,4,0.526
2025-04-29 00:15:45,506,FishInv,4,0.783
2025-04-29 00:15:45,510,FishInv,4,0.58
2025-04-29 00:15:46,515,FishInv,4,0.537
2025-04-29 00:15:48,530,FishInv,4,0.606
2025-04-29 00:15:48,536,FishInv,4,0.67
2025-04-29 00:15:52,566,Trash,7,0.516
2025-04-29 00:15:52,570,Trash,7,0.644
2025-04-29 00:15:53,575,Trash,7,0.661
2025-04-29 00:15:53,580,Trash,7,0.682
2025-04-29 00:15:54,586,Trash,7,0.623
2025-04-29 00:15:55,591,Trash,7,0.741
2025-04-29 00:15:55,594,Trash,7,0.665
2025-04-29 00:15:56,599,Trash,7,0.609
2025-04-29 00:15:56,603,Trash,7,0.624
2025-04-29 00:15:57,604,Trash,7,0.724
2025-04-29 00:16:36,95,FishInv,4,0.595
2025-04-29 00:16:42,145,FishInv,4,0.516
2025-04-29 00:16:52,228,FishInv,12,0.663
2025-04-29 00:16:55,260,MegaFauna,2,0.544
2025-04-29 00:16:55,263,MegaFauna,2,0.532
2025-04-29 00:16:58,280,MegaFauna,2,0.513
2025-04-29 00:16:58,288,MegaFauna,2,0.65
2025-04-29 00:17:00,300,MegaFauna,2,0.74
2025-04-29 00:17:01,308,MegaFauna,2,0.772
2025-04-29 00:17:01,313,MegaFauna,2,0.737
2025-04-29 00:17:02,317,MegaFauna,2,0.643
2025-04-29 00:17:02,321,MegaFauna,2,0.807
2025-04-29 00:17:03,326,MegaFauna,2,0.649
2025-04-29 00:17:14,430,MegaFauna,2,0.615
2025-04-29 00:17:26,531,FishInv,4,0.838
2025-04-29 00:17:27,541,FishInv,4,0.598
2025-04-29 00:17:28,544,FishInv,4,0.769
2025-04-29 00:17:28,549,FishInv,4,0.787
2025-04-29 00:17:31,577,FishInv,4,0.669
2025-04-29 00:17:32,582,FishInv,4,0.558
2025-04-29 00:17:33,586,FishInv,4,0.554
2025-04-29 00:17:50,740,MegaFauna,2,0.65
2025-04-29 00:17:52,756,MegaFauna,2,0.851
2025-04-29 00:17:52,760,MegaFauna,2,0.84
2025-04-29 00:17:53,765,MegaFauna,2,0.882
2025-04-29 00:17:53,771,MegaFauna,2,0.865
2025-04-29 00:17:55,781,MegaFauna,2,0.892
2025-04-29 00:17:55,786,MegaFauna,2,0.888
2025-04-29 00:17:55,789,FishInv,11,0.667
2025-04-29 00:17:56,791,MegaFauna,2,0.897
2025-04-29 00:17:56,795,FishInv,11,0.842
2025-04-29 00:17:56,796,MegaFauna,2,0.906
2025-04-29 00:17:56,800,FishInv,11,0.784
2025-04-29 00:17:57,802,MegaFauna,2,0.803
2025-04-29 00:17:57,804,FishInv,11,0.82
2025-04-29 00:17:57,806,MegaFauna,2,0.874
2025-04-29 00:17:57,810,FishInv,11,0.824
2025-04-29 00:17:58,812,MegaFauna,2,0.885
2025-04-29 00:17:58,815,FishInv,11,0.82
2025-04-29 00:17:58,816,MegaFauna,2,0.897
2025-04-29 00:17:58,819,FishInv,11,0.52
2025-04-29 00:17:59,821,MegaFauna,2,0.936
2025-04-29 00:17:59,824,FishInv,11,0.814
2025-04-29 00:17:59,825,MegaFauna,2,0.85
2025-04-29 00:17:59,828,FishInv,11,0.855
2025-04-29 00:18:00,830,MegaFauna,2,0.872
2025-04-29 00:18:00,831,Trash,2,0.923
2025-04-29 00:18:00,833,FishInv,11,0.824
2025-04-29 00:18:00,835,MegaFauna,2,0.837
2025-04-29 00:18:00,838,FishInv,11,0.773
2025-04-29 00:18:01,840,MegaFauna,2,0.927
2025-04-29 00:18:01,844,FishInv,11,0.867
2025-04-29 00:18:01,846,MegaFauna,2,0.891
2025-04-29 00:18:02,849,FishInv,11,0.859
2025-04-29 00:18:02,851,MegaFauna,2,0.855
2025-04-29 00:18:02,853,FishInv,11,0.834
2025-04-29 00:18:02,855,MegaFauna,2,0.862
2025-04-29 00:18:03,858,FishInv,11,0.821
2025-04-29 00:18:03,861,MegaFauna,2,0.862
2025-04-29 00:18:03,864,FishInv,11,0.859
2025-04-29 00:18:03,865,MegaFauna,2,0.849
2025-04-29 00:18:04,869,FishInv,11,0.859
2025-04-29 00:18:04,871,MegaFauna,2,0.837
2025-04-29 00:18:04,875,FishInv,11,0.856
2025-04-29 00:18:04,876,MegaFauna,2,0.864
2025-04-29 00:18:05,879,FishInv,11,0.858
2025-04-29 00:18:05,882,MegaFauna,2,0.87
2025-04-29 00:18:05,884,FishInv,11,0.858
2025-04-29 00:18:05,885,MegaFauna,2,0.866
2025-04-29 00:18:06,890,FishInv,11,0.715
2025-04-29 00:18:06,892,MegaFauna,2,0.88
2025-04-29 00:18:06,896,FishInv,11,0.504
2025-04-29 00:18:07,898,MegaFauna,2,0.895
2025-04-29 00:18:07,901,FishInv,11,0.695
2025-04-29 00:18:07,902,MegaFauna,2,0.916
2025-04-29 00:18:08,907,MegaFauna,2,0.896
2025-04-29 00:18:08,908,Trash,2,0.906
2025-04-29 00:18:08,910,FishInv,11,0.752
2025-04-29 00:18:08,911,MegaFauna,2,0.905
2025-04-29 00:18:08,913,Trash,2,0.905
2025-04-29 00:18:09,916,MegaFauna,2,0.879
2025-04-29 00:18:09,917,Trash,2,0.922
2025-04-29 00:18:09,921,MegaFauna,2,0.875
2025-04-29 00:18:09,924,Trash,2,0.906
2025-04-29 00:18:10,927,MegaFauna,2,0.882
2025-04-29 00:18:10,928,Trash,2,0.909
2025-04-29 00:18:10,930,MegaFauna,2,0.864
2025-04-29 00:18:10,932,Trash,2,0.907
2025-04-29 00:18:11,936,MegaFauna,2,0.883
2025-04-29 00:18:11,936,Trash,2,0.902
2025-04-29 00:18:11,940,MegaFauna,2,0.89
2025-04-29 00:18:11,944,FishInv,11,0.801
2025-04-29 00:18:12,946,MegaFauna,2,0.815
2025-04-29 00:18:12,950,FishInv,11,0.776
2025-04-29 00:18:12,951,MegaFauna,2,0.876
2025-04-29 00:18:13,955,MegaFauna,2,0.838
2025-04-29 00:18:13,959,FishInv,11,0.669
2025-04-29 00:18:13,959,MegaFauna,2,0.75
2025-04-29 00:18:13,963,MegaFauna,2,0.825
2025-04-29 00:18:15,979,FishInv,4,0.59
2025-04-29 00:27:25,409,FishInv,11,0.569
2025-04-29 00:27:26,417,MegaFauna,2,0.818
2025-04-29 00:27:27,424,MegaFauna,2,0.844
2025-04-29 00:27:28,432,MegaFauna,2,0.915
2025-04-29 00:27:29,440,MegaFauna,2,0.853
2025-04-29 00:27:29,444,FishInv,11,0.762
2025-04-29 00:27:29,447,MegaFauna,2,0.921
2025-04-29 00:27:29,447,MegaFauna,2,0.764
2025-04-29 00:27:30,453,FishInv,11,0.573
2025-04-29 00:27:30,455,MegaFauna,2,0.932
2025-04-29 00:27:30,455,MegaFauna,2,0.678
2025-04-29 00:27:30,460,FishInv,11,0.848
2025-04-29 00:27:31,462,MegaFauna,2,0.927
2025-04-29 00:27:31,466,FishInv,11,0.834
2025-04-29 00:27:31,469,MegaFauna,2,0.91
2025-04-29 00:27:32,471,FishInv,11,0.893
2025-04-29 00:27:32,474,MegaFauna,2,0.898
2025-04-29 00:27:32,474,MegaFauna,2,0.515
2025-04-29 00:27:32,477,FishInv,11,0.711
2025-04-29 00:27:32,479,MegaFauna,2,0.92
2025-04-29 00:27:33,484,FishInv,11,0.835
2025-04-29 00:27:33,485,MegaFauna,2,0.908
2025-04-29 00:27:34,489,FishInv,11,0.919
2025-04-29 00:27:34,490,MegaFauna,2,0.925
2025-04-29 00:27:34,494,FishInv,11,0.905
2025-04-29 00:27:34,496,MegaFauna,2,0.92
2025-04-29 00:27:35,500,FishInv,11,0.852
2025-04-29 00:27:35,501,MegaFauna,2,0.922
2025-04-29 00:27:35,505,FishInv,11,0.93
2025-04-29 00:27:35,506,MegaFauna,2,0.9
2025-04-29 00:27:36,509,FishInv,11,0.846
2025-04-29 00:27:36,512,MegaFauna,2,0.92
2025-04-29 00:27:37,518,MegaFauna,2,0.936
2025-04-29 00:27:37,521,FishInv,11,0.913
2025-04-29 00:27:37,524,MegaFauna,2,0.925
2025-04-29 00:27:37,526,FishInv,11,0.852
2025-04-29 00:27:38,529,MegaFauna,2,0.908
2025-04-29 00:27:38,532,FishInv,11,0.731
2025-04-29 00:27:38,534,MegaFauna,2,0.918
2025-04-29 00:27:38,536,FishInv,11,0.891
2025-04-29 00:27:39,538,MegaFauna,2,0.919
2025-04-29 00:27:39,541,FishInv,11,0.759
2025-04-29 00:27:39,543,MegaFauna,2,0.922
2025-04-29 00:27:39,546,FishInv,11,0.759
2025-04-29 00:27:39,547,MegaFauna,2,0.91
2025-04-29 00:27:40,551,FishInv,11,0.816
2025-04-29 00:27:40,553,MegaFauna,2,0.934
2025-04-29 00:27:40,556,FishInv,11,0.899
2025-04-29 00:27:41,557,MegaFauna,2,0.926
2025-04-29 00:27:41,560,FishInv,11,0.91
2025-04-29 00:27:41,562,MegaFauna,2,0.923
2025-04-29 00:27:41,565,FishInv,11,0.907
2025-04-29 00:27:41,566,MegaFauna,2,0.919
2025-04-29 00:27:42,570,FishInv,11,0.926
2025-04-29 00:27:42,572,MegaFauna,2,0.918
2025-04-29 00:27:42,575,FishInv,11,0.886
2025-04-29 00:27:43,578,MegaFauna,2,0.924
2025-04-29 00:27:43,581,FishInv,11,0.881
2025-04-29 00:27:43,582,MegaFauna,2,0.917
2025-04-29 00:27:43,585,FishInv,11,0.852
2025-04-29 00:27:44,588,MegaFauna,2,0.853
2025-04-29 00:27:44,590,FishInv,11,0.816
2025-04-29 00:27:44,592,MegaFauna,2,0.885
2025-04-29 00:27:45,595,FishInv,11,0.875
2025-04-29 00:27:45,597,MegaFauna,2,0.884
2025-04-29 00:27:45,601,FishInv,11,0.889
2025-04-29 00:27:45,603,MegaFauna,2,0.892
2025-04-29 00:27:46,607,FishInv,11,0.855
2025-04-29 00:27:46,608,MegaFauna,2,0.888
2025-04-29 00:27:46,611,FishInv,11,0.863
2025-04-29 00:27:46,613,MegaFauna,2,0.89
2025-04-29 00:27:47,617,FishInv,11,0.887
2025-04-29 00:27:47,619,MegaFauna,2,0.913
2025-04-29 00:27:47,621,FishInv,11,0.854
2025-04-29 00:27:47,623,MegaFauna,2,0.902
2025-04-29 00:27:48,626,FishInv,11,0.883
2025-04-29 00:27:48,627,MegaFauna,2,0.88
2025-04-29 00:27:48,630,FishInv,11,0.874
2025-04-29 00:27:48,631,MegaFauna,2,0.894
2025-04-29 00:27:49,634,FishInv,11,0.89
2025-04-29 00:27:49,635,MegaFauna,2,0.875
2025-04-29 00:27:49,639,FishInv,11,0.888
2025-04-29 00:27:49,642,MegaFauna,2,0.871
2025-04-29 00:27:50,644,FishInv,11,0.887
2025-04-29 00:27:50,646,MegaFauna,2,0.86
2025-04-29 00:27:50,650,FishInv,11,0.768
2025-04-29 00:27:50,652,MegaFauna,2,0.823
2025-04-29 00:27:51,658,MegaFauna,2,0.829
2025-04-29 00:27:51,661,MegaFauna,2,0.841
2025-04-29 00:27:52,667,MegaFauna,2,0.824
2025-04-29 00:27:52,670,MegaFauna,2,0.854
2025-04-29 00:27:53,676,MegaFauna,2,0.842
2025-04-29 00:27:53,681,MegaFauna,2,0.788
2025-04-29 00:27:54,684,FishInv,11,0.804
2025-04-29 00:27:54,686,MegaFauna,2,0.846
2025-04-29 00:27:54,689,FishInv,11,0.841
2025-04-29 00:27:54,690,MegaFauna,2,0.899
2025-04-29 00:27:55,693,FishInv,11,0.867
2025-04-29 00:27:55,695,MegaFauna,2,0.875
2025-04-29 00:27:55,699,FishInv,11,0.86
2025-04-29 00:27:55,700,MegaFauna,2,0.892
2025-04-29 00:27:56,703,FishInv,11,0.86
2025-04-29 00:27:56,705,MegaFauna,2,0.873
2025-04-29 00:27:56,709,FishInv,11,0.841
2025-04-29 00:27:56,710,MegaFauna,2,0.89
2025-04-29 00:27:57,713,FishInv,11,0.825
2025-04-29 00:27:57,716,MegaFauna,2,0.879
2025-04-29 00:27:57,720,FishInv,11,0.886
2025-04-29 00:27:57,721,MegaFauna,2,0.86
2025-04-29 00:27:58,723,FishInv,11,0.866
2025-04-29 00:27:58,725,MegaFauna,2,0.842
2025-04-29 00:27:58,728,FishInv,11,0.868
2025-04-29 00:27:58,730,MegaFauna,2,0.847
2025-04-29 00:27:59,733,FishInv,11,0.887
2025-04-29 00:27:59,734,MegaFauna,2,0.841
2025-04-29 00:27:59,736,FishInv,11,0.889
2025-04-29 00:27:59,739,MegaFauna,2,0.85
2025-04-29 00:28:00,743,FishInv,11,0.87
2025-04-29 00:28:00,745,MegaFauna,2,0.906
2025-04-29 00:28:00,747,FishInv,11,0.875
2025-04-29 00:28:00,749,MegaFauna,2,0.887
2025-04-29 00:28:01,752,FishInv,11,0.875
2025-04-29 00:28:01,753,MegaFauna,2,0.872
2025-04-29 00:28:01,755,FishInv,11,0.833
2025-04-29 00:28:01,758,MegaFauna,2,0.876
2025-04-29 00:28:02,760,FishInv,11,0.846
2025-04-29 00:28:02,761,MegaFauna,2,0.823
2025-04-29 00:28:02,764,FishInv,11,0.765
2025-04-29 00:28:02,767,MegaFauna,2,0.852
2025-04-29 00:28:03,770,FishInv,11,0.805
2025-04-29 00:28:03,773,MegaFauna,2,0.879
2025-04-29 00:28:03,776,FishInv,11,0.869
2025-04-29 00:28:03,777,MegaFauna,2,0.854
2025-04-29 00:28:04,780,FishInv,11,0.801
2025-04-29 00:28:04,783,MegaFauna,2,0.876
2025-04-29 00:28:04,785,FishInv,11,0.829
2025-04-29 00:28:04,786,MegaFauna,2,0.885
2025-04-29 00:28:05,789,FishInv,7,0.543
2025-04-29 00:28:05,791,MegaFauna,2,0.884
2025-04-29 00:28:05,794,FishInv,11,0.722
2025-04-29 00:28:05,795,MegaFauna,2,0.824
2025-04-29 00:28:06,800,MegaFauna,2,0.886
2025-04-29 00:28:06,805,MegaFauna,2,0.811
2025-04-29 00:28:07,810,MegaFauna,2,0.882
2025-04-29 00:28:07,814,FishInv,11,0.822
2025-04-29 00:28:08,816,MegaFauna,2,0.862
2025-04-29 00:28:08,820,FishInv,11,0.761
2025-04-29 00:28:08,822,MegaFauna,2,0.896
2025-04-29 00:28:08,825,FishInv,11,0.843
2025-04-29 00:28:09,828,MegaFauna,2,0.864
2025-04-29 00:28:09,832,FishInv,11,0.846
2025-04-29 00:28:09,834,MegaFauna,2,0.818
2025-04-29 00:28:10,837,FishInv,11,0.695
2025-04-29 00:28:10,838,MegaFauna,2,0.866
2025-04-29 00:28:10,843,MegaFauna,2,0.831
2025-04-29 00:28:10,846,FishInv,11,0.726
2025-04-29 00:28:11,848,MegaFauna,2,0.775
2025-04-29 00:28:11,851,FishInv,11,0.799
2025-04-29 00:28:11,854,MegaFauna,2,0.882
2025-04-29 00:28:11,857,FishInv,11,0.657
2025-04-29 00:28:12,860,MegaFauna,2,0.873
2025-04-29 00:28:12,863,FishInv,11,0.771
2025-04-29 00:28:12,865,MegaFauna,2,0.887
2025-04-29 00:28:12,868,FishInv,11,0.652
2025-04-29 00:28:13,871,MegaFauna,2,0.851
2025-04-29 00:28:13,875,FishInv,11,0.887
2025-04-29 00:28:13,878,MegaFauna,2,0.877
2025-04-29 00:28:14,880,FishInv,11,0.836
2025-04-29 00:28:14,882,MegaFauna,2,0.895
2025-04-29 00:28:14,886,FishInv,11,0.893
2025-04-29 00:28:14,887,MegaFauna,2,0.881
2025-04-29 00:28:15,890,FishInv,11,0.907
2025-04-29 00:28:15,892,MegaFauna,2,0.913
2025-04-29 00:28:15,895,FishInv,11,0.885
2025-04-29 00:28:15,897,MegaFauna,2,0.914
2025-04-29 00:28:16,899,FishInv,11,0.89
2025-04-29 00:28:16,901,MegaFauna,2,0.909
2025-04-29 00:28:16,904,FishInv,11,0.901
2025-04-29 00:28:17,906,MegaFauna,2,0.905
2025-04-29 00:28:17,908,FishInv,11,0.882
2025-04-29 00:28:17,910,MegaFauna,2,0.933
2025-04-29 00:28:17,914,FishInv,11,0.898
2025-04-29 00:28:17,915,MegaFauna,2,0.916
2025-04-29 00:28:18,919,FishInv,11,0.894
2025-04-29 00:28:18,920,MegaFauna,2,0.931
2025-04-29 00:28:18,923,FishInv,11,0.822
2025-04-29 00:28:18,924,MegaFauna,2,0.931
2025-04-29 00:28:19,929,MegaFauna,2,0.886
2025-04-29 00:28:19,932,FishInv,11,0.873
2025-04-29 00:28:19,933,MegaFauna,2,0.907
2025-04-29 00:28:20,936,FishInv,11,0.896
2025-04-29 00:28:20,938,MegaFauna,2,0.945
2025-04-29 00:28:20,941,FishInv,11,0.576
2025-04-29 00:28:20,942,MegaFauna,2,0.93
2025-04-29 00:28:21,945,FishInv,11,0.862
2025-04-29 00:28:21,946,MegaFauna,2,0.935
2025-04-29 00:28:21,949,FishInv,11,0.757
2025-04-29 00:28:21,951,MegaFauna,2,0.943
2025-04-29 00:28:22,955,FishInv,11,0.776
2025-04-29 00:28:22,957,MegaFauna,2,0.938
2025-04-29 00:28:22,960,FishInv,11,0.906
2025-04-29 00:28:22,962,MegaFauna,2,0.949
2025-04-29 00:28:23,965,FishInv,11,0.892
2025-04-29 00:28:23,967,MegaFauna,2,0.918
2025-04-29 00:28:23,970,FishInv,11,0.889
2025-04-29 00:28:23,972,MegaFauna,2,0.91
2025-04-29 00:28:24,975,FishInv,11,0.861
2025-04-29 00:28:24,977,MegaFauna,2,0.902
2025-04-29 00:28:24,980,FishInv,11,0.892
2025-04-29 00:28:24,981,MegaFauna,2,0.927
2025-04-29 00:28:24,984,FishInv,11,0.901
2025-04-29 00:28:25,987,MegaFauna,2,0.925
2025-04-29 00:28:25,989,FishInv,11,0.889
2025-04-29 00:28:25,991,MegaFauna,2,0.929
2025-04-29 00:28:25,993,Trash,2,0.914
2025-04-29 00:28:25,994,FishInv,11,0.872
2025-04-29 00:28:26,996,MegaFauna,2,0.91
2025-04-29 00:28:26,999,FishInv,11,0.798
2025-04-29 00:28:26,1001,MegaFauna,2,0.9
2025-04-29 00:28:27,1003,FishInv,11,0.859
2025-04-29 00:28:27,1005,MegaFauna,2,0.92
2025-04-29 00:28:27,1007,FishInv,11,0.884
2025-04-29 00:28:27,1009,MegaFauna,2,0.914
2025-04-29 00:28:27,1011,FishInv,11,0.902
2025-04-29 00:28:28,1013,MegaFauna,2,0.9
2025-04-29 00:28:28,1016,FishInv,11,0.868
2025-04-29 00:28:28,1017,MegaFauna,2,0.906
2025-04-29 00:28:28,1020,FishInv,11,0.89
2025-04-29 00:28:29,1023,MegaFauna,2,0.928
2025-04-29 00:28:29,1026,FishInv,11,0.885
2025-04-29 00:28:29,1028,MegaFauna,2,0.929
2025-04-29 00:28:29,1030,FishInv,11,0.869
2025-04-29 00:28:30,1032,MegaFauna,2,0.908
2025-04-29 00:28:30,1035,FishInv,11,0.893
2025-04-29 00:28:30,1037,MegaFauna,2,0.939
2025-04-29 00:28:30,1039,FishInv,11,0.897
2025-04-29 00:28:31,1041,MegaFauna,2,0.914
2025-04-29 00:28:31,1044,FishInv,11,0.905
2025-04-29 00:28:31,1047,MegaFauna,2,0.929
2025-04-29 00:28:32,1049,FishInv,11,0.85
2025-04-29 00:28:32,1051,MegaFauna,2,0.925
2025-04-29 00:28:32,1054,FishInv,11,0.841
2025-04-29 00:28:32,1056,MegaFauna,2,0.937
2025-04-29 00:28:33,1060,FishInv,11,0.816
2025-04-29 00:28:33,1061,MegaFauna,2,0.925
2025-04-29 00:28:33,1064,FishInv,11,0.82
2025-04-29 00:28:33,1065,MegaFauna,2,0.926
2025-04-29 00:28:34,1068,FishInv,11,0.903
2025-04-29 00:28:34,1070,MegaFauna,2,0.918
2025-04-29 00:28:34,1072,FishInv,11,0.824
2025-04-29 00:28:34,1074,MegaFauna,2,0.931
2025-04-29 00:28:35,1078,FishInv,11,0.82
2025-04-29 00:28:35,1078,MegaFauna,2,0.936
2025-04-29 00:28:35,1081,FishInv,11,0.818
2025-04-29 00:28:35,1083,MegaFauna,2,0.932
2025-04-29 00:28:35,1084,FishInv,11,0.863
2025-04-29 00:28:36,1087,MegaFauna,2,0.929
2025-04-29 00:28:36,1090,FishInv,11,0.719
2025-04-29 00:28:36,1091,MegaFauna,2,0.924
2025-04-29 00:28:36,1095,FishInv,11,0.84
2025-04-29 00:28:37,1096,MegaFauna,2,0.93
2025-04-29 00:28:37,1099,FishInv,11,0.784
2025-04-29 00:28:37,1100,MegaFauna,2,0.927
2025-04-29 00:28:37,1103,FishInv,11,0.681
2025-04-29 00:28:38,1105,MegaFauna,2,0.938
2025-04-29 00:28:38,1108,FishInv,11,0.775
2025-04-29 00:28:38,1110,MegaFauna,2,0.941
2025-04-29 00:28:38,1113,FishInv,11,0.805
2025-04-29 00:28:39,1114,MegaFauna,2,0.925
2025-04-29 00:28:39,1117,FishInv,11,0.848
2025-04-29 00:28:39,1119,MegaFauna,2,0.942
2025-04-29 00:28:39,1122,FishInv,11,0.812
2025-04-29 00:28:40,1123,MegaFauna,2,0.939
2025-04-29 00:28:40,1126,FishInv,11,0.775
2025-04-29 00:28:40,1128,MegaFauna,2,0.941
2025-04-29 00:28:40,1131,FishInv,11,0.727
2025-04-29 00:28:41,1133,MegaFauna,2,0.932
2025-04-29 00:28:41,1136,FishInv,11,0.674
2025-04-29 00:28:41,1138,MegaFauna,2,0.924
2025-04-29 00:28:42,1142,FishInv,11,0.789
2025-04-29 00:28:42,1144,MegaFauna,2,0.935
2025-04-29 00:28:42,1148,FishInv,11,0.674
2025-04-29 00:28:42,1150,MegaFauna,2,0.939
2025-04-29 00:28:43,1153,FishInv,11,0.797
2025-04-29 00:28:43,1155,MegaFauna,2,0.924
2025-04-29 00:28:43,1157,FishInv,11,0.621
2025-04-29 00:28:43,1159,MegaFauna,2,0.927
2025-04-29 00:28:44,1163,FishInv,11,0.847
2025-04-29 00:28:44,1164,MegaFauna,2,0.926
2025-04-29 00:28:44,1167,FishInv,11,0.801
2025-04-29 00:28:44,1169,MegaFauna,2,0.939
2025-04-29 00:28:45,1171,FishInv,11,0.596
2025-04-29 00:28:45,1172,MegaFauna,2,0.945
2025-04-29 00:28:45,1176,FishInv,11,0.718
2025-04-29 00:28:45,1179,MegaFauna,2,0.938
2025-04-29 00:28:46,1181,FishInv,11,0.74
2025-04-29 00:28:46,1182,MegaFauna,2,0.931
2025-04-29 00:28:46,1187,FishInv,11,0.865
2025-04-29 00:28:46,1188,MegaFauna,2,0.948
2025-04-29 00:28:47,1192,FishInv,11,0.734
2025-04-29 00:28:47,1194,MegaFauna,2,0.938
2025-04-29 00:28:47,1197,FishInv,11,0.865
2025-04-29 00:28:47,1198,MegaFauna,2,0.944
2025-04-29 00:28:48,1201,FishInv,11,0.816
2025-04-29 00:28:48,1203,MegaFauna,2,0.935
2025-04-29 00:28:48,1205,FishInv,11,0.781
2025-04-29 00:28:48,1206,MegaFauna,2,0.944
2025-04-29 00:28:49,1210,FishInv,11,0.738
2025-04-29 00:28:49,1212,MegaFauna,2,0.943
2025-04-29 00:28:49,1215,FishInv,11,0.811
2025-04-29 00:28:50,1217,MegaFauna,2,0.933
2025-04-29 00:28:50,1221,FishInv,11,0.84
2025-04-29 00:28:50,1223,MegaFauna,2,0.93
2025-04-29 00:28:50,1227,FishInv,11,0.821
2025-04-29 00:28:51,1229,MegaFauna,2,0.943
2025-04-29 00:28:51,1236,MegaFauna,2,0.956
2025-04-29 00:28:52,1240,FishInv,11,0.803
2025-04-29 00:28:52,1242,MegaFauna,2,0.925
2025-04-29 00:28:52,1245,FishInv,11,0.799
2025-04-29 00:28:52,1246,MegaFauna,2,0.935
2025-04-29 00:28:53,1249,FishInv,11,0.688
2025-04-29 00:28:53,1251,MegaFauna,2,0.934
2025-04-29 00:28:53,1255,FishInv,11,0.758
2025-04-29 00:28:53,1256,MegaFauna,2,0.939
2025-04-29 00:28:54,1259,FishInv,11,0.526
2025-04-29 00:28:54,1260,MegaFauna,2,0.939
2025-04-29 00:28:54,1263,FishInv,11,0.789
2025-04-29 00:28:54,1265,MegaFauna,2,0.922
2025-04-29 00:28:55,1269,FishInv,11,0.585
2025-04-29 00:28:55,1271,MegaFauna,2,0.947
2025-04-29 00:28:55,1274,FishInv,11,0.617
2025-04-29 00:28:55,1274,MegaFauna,2,0.948
2025-04-29 00:28:55,1277,FishInv,11,0.633
2025-04-29 00:28:56,1279,MegaFauna,2,0.945
2025-04-29 00:28:56,1283,FishInv,11,0.868
2025-04-29 00:28:56,1285,MegaFauna,2,0.947
2025-04-29 00:28:57,1288,FishInv,11,0.754
2025-04-29 00:28:57,1289,MegaFauna,2,0.935
2025-04-29 00:28:57,1291,FishInv,11,0.647
2025-04-29 00:28:57,1293,MegaFauna,2,0.926
2025-04-29 00:28:58,1297,FishInv,11,0.632
2025-04-29 00:28:58,1298,MegaFauna,2,0.931
2025-04-29 00:29:04,1351,FishInv,12,0.527
2025-04-29 00:29:04,1353,MegaFauna,1,0.554
2025-04-29 00:29:06,1370,FishInv,1,0.555
2025-04-29 00:29:07,1375,FishInv,1,0.635
2025-04-29 00:29:07,1380,FishInv,7,0.771
2025-04-29 00:29:09,1396,FishInv,12,0.777
2025-04-29 00:29:09,1397,MegaFauna,2,0.549
2025-04-29 00:29:12,1415,FishInv,12,0.502
2025-04-29 00:29:12,1417,MegaFauna,2,0.606
2025-04-29 00:29:12,1419,FishInv,12,0.566
2025-04-29 00:29:12,1420,MegaFauna,2,0.719
2025-04-29 00:29:13,1427,FishInv,12,0.513
2025-04-29 00:29:15,1446,FishInv,12,0.707
2025-04-29 00:29:19,1479,FishInv,12,0.569
2025-04-29 00:29:21,1500,FishInv,12,0.706
2025-04-29 00:29:22,1512,FishInv,12,0.576
2025-04-29 00:29:23,1519,FishInv,12,0.514
2025-04-29 00:29:24,1524,FishInv,12,0.599
2025-04-29 00:29:24,1527,FishInv,12,0.725
2025-04-29 00:29:25,1537,FishInv,12,0.562
2025-04-29 00:29:26,1539,MegaFauna,2,0.793
2025-04-29 00:29:28,1557,FishInv,12,0.506
2025-04-29 00:29:28,1563,FishInv,12,0.771
2025-04-29 00:29:28,1564,MegaFauna,2,0.657
2025-04-29 00:29:29,1566,FishInv,12,0.879
2025-04-29 00:29:30,1577,FishInv,12,0.548
2025-04-29 00:29:32,1594,MegaFauna,1,0.583
2025-04-29 00:29:32,1601,FishInv,12,0.531
2025-04-29 00:29:33,1610,FishInv,12,0.584
2025-04-29 00:29:35,1623,MegaFauna,1,0.591
2025-04-29 00:29:35,1627,MegaFauna,2,0.728
2025-04-29 00:29:36,1634,MegaFauna,2,0.659
2025-04-29 00:29:40,1665,FishInv,12,0.768
2025-04-29 00:29:40,1668,FishInv,12,0.532
2025-04-29 09:41:33,144,FishInv,12,0.776
2025-04-29 10:41:52,250,MegaFauna,1,0.729
2025-04-29 10:41:53,257,MegaFauna,2,0.748
2025-04-29 10:42:12,440,FishInv,12,0.521
2025-04-29 10:42:27,584,FishInv,4,0.531
2025-04-29 10:42:27,587,FishInv,12,0.543
2025-04-29 10:42:28,590,MegaFauna,1,0.579
2025-04-29 10:42:28,592,FishInv,12,0.53
2025-04-29 10:42:28,596,FishInv,12,0.584
2025-04-29 10:42:29,601,FishInv,12,0.689
2025-04-29 10:42:31,622,MegaFauna,2,0.63
2025-04-29 10:42:32,632,FishInv,11,0.553
2025-04-29 10:42:32,634,MegaFauna,2,0.88
2025-04-29 10:42:33,637,FishInv,11,0.831
2025-04-29 10:42:33,638,MegaFauna,2,0.942
2025-04-29 10:42:33,641,FishInv,11,0.797
2025-04-29 10:42:33,643,MegaFauna,2,0.959
2025-04-29 10:42:33,645,FishInv,11,0.577
2025-04-29 10:42:33,646,MegaFauna,2,0.969
2025-04-29 10:42:34,649,FishInv,11,0.732
2025-04-29 10:42:34,651,MegaFauna,2,0.964
2025-04-29 10:42:34,653,FishInv,11,0.539
2025-04-29 10:42:34,654,MegaFauna,2,0.956
2025-04-29 10:42:35,659,MegaFauna,2,0.888
2025-04-29 10:42:35,662,FishInv,11,0.583
2025-04-29 10:42:35,663,MegaFauna,2,0.949
2025-04-29 10:42:36,665,FishInv,11,0.826
2025-04-29 10:42:36,667,MegaFauna,2,0.96
2025-04-29 10:42:36,669,FishInv,11,0.822
2025-04-29 10:42:36,671,MegaFauna,2,0.919
2025-04-29 10:42:37,675,MegaFauna,2,0.912
2025-04-29 10:42:37,678,FishInv,11,0.83
2025-04-29 10:42:37,680,MegaFauna,2,0.92
2025-04-29 10:42:38,683,FishInv,11,0.844
2025-04-29 10:42:38,684,MegaFauna,2,0.921
2025-04-29 10:42:38,687,FishInv,11,0.872
2025-04-29 10:42:38,688,MegaFauna,2,0.929
2025-04-29 10:42:38,690,FishInv,11,0.841
2025-04-29 10:42:39,693,MegaFauna,2,0.944
2025-04-29 10:42:39,696,FishInv,11,0.848
2025-04-29 10:42:39,697,MegaFauna,2,0.943
2025-04-29 10:42:40,704,FishInv,11,0.865
2025-04-29 10:42:40,705,MegaFauna,2,0.941
2025-04-29 10:42:40,709,FishInv,11,0.742
2025-04-29 10:42:40,711,MegaFauna,2,0.908
2025-04-29 10:42:41,713,FishInv,11,0.752
2025-04-29 10:42:41,715,MegaFauna,2,0.912
2025-04-29 10:42:42,721,FishInv,11,0.857
2025-04-29 10:42:42,722,MegaFauna,2,0.892
2025-04-29 10:42:42,726,MegaFauna,2,0.874
2025-04-29 10:42:42,730,MegaFauna,2,0.838
2025-04-29 10:42:43,734,MegaFauna,2,0.817
2025-04-29 10:42:43,735,Trash,0,0.913
2025-04-29 10:42:44,742,MegaFauna,2,0.516
2025-04-29 10:42:44,745,FishInv,7,0.521
2025-04-29 10:42:44,748,MegaFauna,2,0.721
2025-04-29 10:42:45,753,MegaFauna,2,0.618
2025-04-29 10:42:45,757,FishInv,11,0.66
2025-04-29 10:42:46,761,FishInv,11,0.736
2025-04-29 10:42:46,762,MegaFauna,2,0.974
2025-04-29 10:42:46,765,FishInv,11,0.773
2025-04-29 10:42:46,767,MegaFauna,2,0.965
2025-04-29 10:42:47,770,FishInv,11,0.618
2025-04-29 10:42:47,772,MegaFauna,2,0.971
2025-04-29 10:42:47,776,FishInv,11,0.84
2025-04-29 10:42:47,779,MegaFauna,2,0.947
2025-04-29 10:42:48,782,FishInv,11,0.829
2025-04-29 10:42:48,783,MegaFauna,2,0.947
2025-04-29 10:42:48,786,FishInv,11,0.867
2025-04-29 10:42:48,788,MegaFauna,2,0.948
2025-04-29 10:42:49,790,FishInv,11,0.845
2025-04-29 10:42:49,791,MegaFauna,2,0.945
2025-04-29 10:42:49,794,FishInv,11,0.873
2025-04-29 10:42:49,795,MegaFauna,2,0.953
2025-04-29 10:42:49,799,FishInv,11,0.835
2025-04-29 10:42:50,801,MegaFauna,2,0.956
2025-04-29 10:42:50,803,FishInv,11,0.853
2025-04-29 10:42:50,804,MegaFauna,2,0.93
2025-04-29 10:42:50,807,FishInv,11,0.813
2025-04-29 10:42:50,810,MegaFauna,2,0.956
2025-04-29 10:42:51,813,FishInv,11,0.769
2025-04-29 10:42:51,814,MegaFauna,2,0.963
2025-04-29 10:42:51,817,FishInv,11,0.782
2025-04-29 10:42:51,818,MegaFauna,2,0.946
2025-04-29 10:42:52,820,FishInv,11,0.719
2025-04-29 10:42:52,822,MegaFauna,2,0.956
2025-04-29 10:42:52,825,FishInv,11,0.755
2025-04-29 10:42:52,825,MegaFauna,2,0.92
2025-04-29 10:42:53,829,FishInv,11,0.634
2025-04-29 10:42:53,831,MegaFauna,2,0.898
2025-04-29 10:42:53,833,FishInv,7,0.57
2025-04-29 10:42:53,837,MegaFauna,2,0.947
2025-04-29 10:42:55,853,FishInv,11,0.507
2025-04-29 10:42:55,854,MegaFauna,2,0.913
2025-04-29 10:42:55,857,FishInv,11,0.87
2025-04-29 10:42:56,859,MegaFauna,2,0.833
2025-04-29 10:42:56,862,FishInv,11,0.749
2025-04-29 10:42:56,863,MegaFauna,2,0.935
2025-04-29 10:42:56,867,FishInv,11,0.856
2025-04-29 10:42:57,869,MegaFauna,2,0.938
2025-04-29 10:42:57,872,FishInv,11,0.888
2025-04-29 10:42:57,873,MegaFauna,2,0.912
2025-04-29 10:42:58,878,MegaFauna,2,0.856
2025-04-29 10:42:58,881,MegaFauna,2,0.5
2025-04-29 10:42:59,892,FishInv,12,0.524
2025-04-29 10:43:01,907,FishInv,11,0.802
2025-04-29 10:43:01,907,MegaFauna,2,0.923
2025-04-29 10:43:01,912,FishInv,11,0.635
2025-04-29 10:43:01,914,MegaFauna,2,0.886
2025-04-29 10:43:02,918,MegaFauna,2,0.951
2025-04-29 10:43:02,922,MegaFauna,2,0.959
2025-04-29 10:43:02,927,MegaFauna,2,0.94
2025-04-29 10:43:03,930,FishInv,11,0.738
2025-04-29 10:43:03,930,MegaFauna,2,0.97
2025-04-29 10:43:03,933,FishInv,11,0.718
2025-04-29 10:43:03,935,MegaFauna,2,0.968
2025-04-29 10:43:04,938,FishInv,11,0.66
2025-04-29 10:43:04,940,MegaFauna,2,0.955
2025-04-29 10:43:04,942,FishInv,11,0.624
2025-04-29 10:43:04,944,MegaFauna,2,0.901
2025-04-29 10:43:05,948,MegaFauna,2,0.87
2025-04-29 10:43:05,954,MegaFauna,2,0.907
2025-04-29 10:43:06,957,FishInv,11,0.842
2025-04-29 10:43:06,959,MegaFauna,2,0.928
2025-04-29 10:43:06,964,MegaFauna,2,0.909
2025-04-29 10:43:07,966,FishInv,11,0.758
2025-04-29 10:43:07,968,MegaFauna,2,0.955
2025-04-29 10:43:07,971,FishInv,11,0.827
2025-04-29 10:43:07,973,MegaFauna,2,0.937
2025-04-29 10:43:07,975,FishInv,11,0.826
2025-04-29 10:43:08,976,MegaFauna,2,0.933
2025-04-29 10:43:08,979,FishInv,11,0.777
2025-04-29 10:43:08,981,MegaFauna,2,0.949
2025-04-29 10:43:08,984,FishInv,11,0.799
2025-04-29 10:43:09,986,MegaFauna,2,0.948
2025-04-29 10:43:09,989,FishInv,11,0.873
2025-04-29 10:43:09,991,MegaFauna,2,0.948
2025-04-29 10:43:09,994,FishInv,11,0.866
2025-04-29 10:43:09,995,MegaFauna,2,0.95
2025-04-29 10:43:10,997,FishInv,11,0.858
2025-04-29 10:43:10,999,MegaFauna,2,0.948
2025-04-29 10:43:10,1002,FishInv,11,0.905
2025-04-29 10:43:10,1003,MegaFauna,2,0.954
2025-04-29 10:43:11,1006,FishInv,11,0.703
2025-04-29 10:43:11,1009,MegaFauna,2,0.913
2025-04-29 10:43:11,1013,MegaFauna,2,0.904
2025-04-29 10:43:12,1018,MegaFauna,2,0.671
2025-04-29 10:43:13,1030,FishInv,4,0.756
2025-04-29 10:43:13,1031,MegaFauna,1,0.569
2025-04-29 10:43:13,1034,FishInv,4,0.663
2025-04-29 10:43:14,1039,FishInv,4,0.555
2025-04-29 10:43:14,1042,FishInv,4,0.558
2025-04-29 10:43:16,1058,MegaFauna,2,0.782
2025-04-29 10:43:16,1066,MegaFauna,2,0.574
2025-04-29 10:43:18,1083,MegaFauna,2,0.623
2025-04-29 10:43:24,1140,Trash,2,0.908
2025-04-29 10:43:24,1144,Trash,2,0.902
2025-04-29 10:43:25,1153,Trash,2,0.904
2025-04-29 10:43:27,1172,Trash,2,0.906
2025-04-29 10:43:28,1177,Trash,2,0.905
2025-04-29 10:43:28,1181,Trash,2,0.908
2025-04-29 10:43:31,1207,MegaFauna,2,0.685
2025-04-29 10:43:36,1259,MegaFauna,2,0.897
2025-04-29 10:43:36,1263,MegaFauna,2,0.543
2025-04-29 10:43:38,1274,MegaFauna,2,0.846
2025-04-29 10:43:38,1280,MegaFauna,2,0.887
2025-04-29 10:43:40,1297,MegaFauna,2,0.899
2025-04-29 10:43:40,1302,MegaFauna,2,0.895
2025-04-29 10:43:41,1307,MegaFauna,2,0.906
2025-04-29 10:43:41,1311,MegaFauna,2,0.776
2025-04-29 10:43:42,1316,MegaFauna,2,0.873
2025-04-29 10:43:43,1328,MegaFauna,2,0.898
2025-04-29 10:43:43,1331,MegaFauna,2,0.911
2025-04-29 10:43:44,1335,MegaFauna,2,0.824
2025-04-29 10:43:44,1339,MegaFauna,2,0.93
2025-04-29 10:43:45,1344,MegaFauna,2,0.869
2025-04-29 10:43:45,1347,FishInv,4,0.539
2025-04-29 10:43:46,1358,MegaFauna,2,0.909
2025-04-29 10:44:38,107,MegaFauna,2,0.875
2025-04-29 10:44:38,110,MegaFauna,2,0.889
2025-04-29 10:44:39,116,MegaFauna,2,0.94
2025-04-29 10:44:39,120,MegaFauna,2,0.921
2025-04-29 10:44:40,124,MegaFauna,2,0.931
2025-04-29 10:44:40,129,MegaFauna,2,0.912
2025-04-29 10:44:41,133,MegaFauna,2,0.92
2025-04-29 10:44:41,137,MegaFauna,2,0.925
2025-04-29 10:44:41,142,MegaFauna,2,0.935
2025-04-29 10:44:42,146,MegaFauna,2,0.936
2025-04-29 10:44:42,151,MegaFauna,2,0.939
2025-04-29 10:44:43,155,MegaFauna,2,0.944
2025-04-29 10:44:43,160,MegaFauna,2,0.923
2025-04-29 10:44:44,164,MegaFauna,2,0.919
2025-04-29 10:44:45,169,MegaFauna,2,0.949
2025-04-29 10:44:45,173,MegaFauna,2,0.935
2025-04-29 10:44:45,180,MegaFauna,2,0.927
2025-04-29 10:44:46,190,MegaFauna,2,0.931
2025-04-29 10:44:47,194,MegaFauna,2,0.938
2025-04-29 10:44:47,200,MegaFauna,2,0.946
2025-04-29 10:44:48,204,MegaFauna,2,0.95
2025-04-29 10:44:48,209,MegaFauna,2,0.943
2025-04-29 10:44:49,215,MegaFauna,2,0.947
2025-04-29 10:44:49,220,MegaFauna,2,0.939
2025-04-29 10:44:50,225,MegaFauna,2,0.939
2025-04-29 10:44:51,231,MegaFauna,2,0.926
2025-04-29 10:44:51,235,MegaFauna,2,0.943
2025-04-29 10:44:52,241,MegaFauna,2,0.942
2025-04-29 10:44:52,246,MegaFauna,2,0.934
2025-04-29 10:44:52,249,FishInv,9,0.803
2025-04-29 10:44:53,252,MegaFauna,2,0.931
2025-04-29 10:44:53,256,MegaFauna,2,0.936
2025-04-29 10:44:54,261,MegaFauna,2,0.939
2025-04-29 10:44:54,265,MegaFauna,2,0.935
2025-04-29 10:44:55,270,MegaFauna,2,0.937
2025-04-29 10:44:55,274,MegaFauna,2,0.935
2025-04-29 10:44:55,278,MegaFauna,2,0.942
2025-04-29 10:44:56,283,MegaFauna,2,0.942
2025-04-29 10:44:56,287,MegaFauna,2,0.92
2025-04-29 10:44:57,292,MegaFauna,2,0.924
2025-04-29 10:44:57,295,MegaFauna,2,0.926
2025-04-29 10:44:58,300,MegaFauna,2,0.936
2025-04-29 10:44:58,305,MegaFauna,2,0.931
2025-04-29 10:44:59,309,MegaFauna,2,0.954
2025-04-29 10:44:59,315,MegaFauna,2,0.936
2025-04-29 10:45:00,319,MegaFauna,2,0.917
2025-04-29 10:45:00,324,MegaFauna,2,0.93
2025-04-29 10:45:01,329,MegaFauna,2,0.928
2025-04-29 10:45:01,333,MegaFauna,2,0.942
2025-04-29 10:45:02,338,MegaFauna,2,0.941
2025-04-29 10:45:02,343,MegaFauna,2,0.934
2025-04-29 10:45:03,348,MegaFauna,2,0.929
2025-04-29 10:45:04,356,MegaFauna,2,0.928
2025-04-29 10:45:04,361,MegaFauna,2,0.92
2025-04-29 10:45:04,366,MegaFauna,2,0.938
2025-04-29 10:45:05,370,MegaFauna,2,0.916
2025-04-29 10:45:05,375,MegaFauna,2,0.928
2025-04-29 10:45:06,379,MegaFauna,2,0.938
2025-04-29 10:45:06,383,MegaFauna,2,0.922
2025-04-29 10:45:07,389,MegaFauna,2,0.921
2025-04-29 10:45:07,392,MegaFauna,2,0.929
2025-04-29 10:45:07,396,FishInv,9,0.849
2025-04-29 10:45:08,398,MegaFauna,2,0.924
2025-04-29 10:45:08,400,FishInv,9,0.847
2025-04-29 10:45:08,401,MegaFauna,2,0.923
2025-04-29 10:45:08,404,FishInv,9,0.866
2025-04-29 10:45:08,406,MegaFauna,2,0.926
2025-04-29 10:45:09,409,FishInv,9,0.892
2025-04-29 10:45:09,410,MegaFauna,2,0.922
2025-04-29 10:45:09,413,FishInv,9,0.881
2025-04-29 10:45:09,415,MegaFauna,2,0.927
2025-04-29 10:45:10,417,FishInv,9,0.889
2025-04-29 10:45:10,419,MegaFauna,2,0.921
2025-04-29 10:45:10,423,MegaFauna,2,0.932
2025-04-29 10:45:11,427,MegaFauna,2,0.929
2025-04-29 10:45:11,431,MegaFauna,2,0.93
2025-04-29 10:45:12,435,MegaFauna,2,0.932
2025-04-29 10:45:12,439,MegaFauna,2,0.94
2025-04-29 10:45:12,442,MegaFauna,2,0.942
2025-04-29 10:45:13,445,FishInv,9,0.817
2025-04-29 10:45:13,447,MegaFauna,2,0.925
2025-04-29 10:45:13,451,MegaFauna,2,0.933
2025-04-29 10:45:14,456,MegaFauna,2,0.913
2025-04-29 10:45:15,464,MegaFauna,2,0.892
2025-04-29 10:45:15,468,MegaFauna,2,0.885
2025-04-29 10:45:16,474,MegaFauna,2,0.879
2025-04-29 10:45:16,478,MegaFauna,2,0.906
2025-04-29 10:45:17,482,MegaFauna,2,0.924
2025-04-29 10:45:17,486,MegaFauna,2,0.899
2025-04-29 10:45:18,491,MegaFauna,2,0.909
2025-04-29 10:45:18,495,MegaFauna,2,0.889
2025-04-29 10:45:18,499,MegaFauna,2,0.897
2025-04-29 10:45:19,504,MegaFauna,2,0.914
2025-04-29 10:45:19,508,MegaFauna,2,0.928
2025-04-29 10:45:20,512,MegaFauna,2,0.899
2025-04-29 10:45:20,517,MegaFauna,2,0.896
2025-04-29 10:45:21,522,MegaFauna,2,0.91
2025-04-29 10:45:22,529,MegaFauna,2,0.943
2025-04-29 10:45:22,532,MegaFauna,2,0.906
2025-04-29 10:45:23,537,MegaFauna,2,0.883
2025-04-29 10:45:23,540,MegaFauna,2,0.911
2025-04-29 10:45:23,544,MegaFauna,2,0.9
2025-04-29 10:45:24,548,MegaFauna,2,0.91
2025-04-29 10:45:24,552,MegaFauna,2,0.906
2025-04-29 10:45:25,556,MegaFauna,2,0.894
2025-04-29 10:45:25,561,MegaFauna,2,0.892
2025-04-29 10:45:26,564,MegaFauna,2,0.875
2025-04-29 10:45:26,568,MegaFauna,2,0.888
2025-04-29 10:45:26,571,FishInv,4,0.801
2025-04-29 10:45:27,574,MegaFauna,2,0.929
2025-04-29 10:45:27,578,MegaFauna,2,0.916
2025-04-29 10:45:27,582,FishInv,4,0.808
2025-04-29 10:45:28,583,MegaFauna,2,0.9
2025-04-29 10:45:28,587,MegaFauna,2,0.917
2025-04-29 10:45:28,594,MegaFauna,2,0.888
2025-04-29 10:45:29,598,MegaFauna,2,0.908
2025-04-29 10:45:29,601,MegaFauna,2,0.932
2025-04-29 10:45:30,607,MegaFauna,2,0.92
2025-04-29 10:45:30,612,MegaFauna,2,0.895
2025-04-29 10:45:31,617,MegaFauna,2,0.909
2025-04-29 10:45:31,621,MegaFauna,2,0.921
2025-04-29 10:45:32,625,MegaFauna,2,0.932
2025-04-29 10:46:10,110,MegaFauna,2,0.908
2025-04-29 10:46:10,116,MegaFauna,2,0.934
2025-04-29 10:46:10,118,FishInv,9,0.821
2025-04-29 10:46:11,120,MegaFauna,2,0.865
2025-04-29 10:46:11,123,MegaFauna,2,0.94
2025-04-29 10:46:12,130,MegaFauna,2,0.88
2025-04-29 10:46:13,137,MegaFauna,2,0.938
2025-04-29 10:46:13,140,MegaFauna,2,0.961
2025-04-29 10:46:13,144,MegaFauna,2,0.951
2025-04-29 10:46:14,146,MegaFauna,2,0.963
2025-04-29 10:46:14,149,MegaFauna,2,0.963
2025-04-29 10:46:14,153,MegaFauna,2,0.956
2025-04-29 10:46:15,156,MegaFauna,2,0.935
2025-04-29 10:46:15,159,MegaFauna,2,0.962
2025-04-29 10:46:15,163,MegaFauna,2,0.958
2025-04-29 10:46:16,166,MegaFauna,2,0.954
2025-04-29 10:46:16,169,MegaFauna,2,0.965
2025-04-29 10:46:16,172,MegaFauna,2,0.961
2025-04-29 10:46:17,175,MegaFauna,2,0.923
2025-04-29 10:46:17,178,MegaFauna,2,0.943
2025-04-29 10:46:17,180,MegaFauna,2,0.949
2025-04-29 10:46:18,184,MegaFauna,2,0.936
2025-04-29 10:46:18,187,MegaFauna,2,0.841
2025-04-29 10:46:19,191,MegaFauna,2,0.932
2025-04-29 10:46:19,194,MegaFauna,2,0.932
2025-04-29 10:46:20,199,MegaFauna,2,0.882
2025-04-29 10:46:25,247,MegaFauna,2,0.89
2025-04-29 10:52:51,190,FishInv,11,0.835
2025-04-29 10:52:52,202,MegaFauna,2,0.952
2025-04-29 10:52:53,206,MegaFauna,2,0.888
2025-04-29 10:52:53,211,MegaFauna,2,0.899
2025-04-29 10:52:54,214,MegaFauna,2,0.911
2025-04-29 10:52:54,217,MegaFauna,2,0.95
2025-04-29 10:52:54,219,Trash,0,0.928
2025-04-29 10:52:54,221,MegaFauna,2,0.921
2025-04-29 10:52:55,225,MegaFauna,2,0.9
2025-04-29 10:52:55,228,MegaFauna,2,0.927
2025-04-29 10:52:56,232,MegaFauna,2,0.933
2025-04-29 10:52:56,236,MegaFauna,2,0.949
2025-04-29 10:52:56,239,MegaFauna,2,0.943
2025-04-29 10:52:57,243,MegaFauna,2,0.956
2025-04-29 10:52:57,247,MegaFauna,2,0.903
2025-04-29 10:52:57,250,MegaFauna,2,0.832
2025-04-29 10:52:58,253,MegaFauna,2,0.802
2025-04-29 10:52:58,257,MegaFauna,2,0.901
2025-04-29 10:52:59,260,MegaFauna,2,0.875
2025-04-29 10:52:59,264,MegaFauna,2,0.914
2025-04-29 10:53:01,284,MegaFauna,2,0.853
2025-04-29 10:53:02,289,MegaFauna,2,0.864
2025-04-29 10:53:03,301,MegaFauna,2,0.85
2025-04-29 10:53:03,304,MegaFauna,2,0.883
2025-04-29 10:53:03,307,MegaFauna,2,0.87
2025-04-29 10:53:04,317,MegaFauna,2,0.819
2025-04-29 10:53:05,320,MegaFauna,2,0.934
2025-04-29 10:53:05,324,MegaFauna,2,0.855
2025-04-29 10:53:05,327,MegaFauna,2,0.823
2025-04-29 10:53:06,334,FishInv,11,0.846
2025-04-29 10:53:06,335,MegaFauna,2,0.878
2025-04-29 10:53:07,338,MegaFauna,2,0.942
2025-04-29 10:53:07,343,MegaFauna,2,0.954
2025-04-29 10:53:08,347,MegaFauna,2,0.937
2025-04-29 10:53:08,350,MegaFauna,2,0.942
2025-04-29 10:53:08,354,MegaFauna,2,0.956
2025-04-29 10:53:09,359,MegaFauna,2,0.958
2025-04-29 10:53:09,364,MegaFauna,2,0.954
2025-04-29 10:53:10,367,MegaFauna,2,0.954
2025-04-29 10:53:10,371,MegaFauna,2,0.958
2025-04-29 10:53:10,375,MegaFauna,2,0.916
2025-04-29 10:53:11,378,MegaFauna,2,0.943
2025-04-29 10:53:11,383,MegaFauna,2,0.931
2025-04-29 10:53:11,388,MegaFauna,2,0.915
2025-04-29 10:53:12,391,MegaFauna,2,0.875
2025-04-29 10:53:13,401,MegaFauna,2,0.863
2025-04-29 10:53:13,406,MegaFauna,2,0.929
2025-04-29 10:53:14,410,MegaFauna,2,0.896
2025-04-29 10:53:14,414,MegaFauna,2,0.864
2025-04-29 10:53:18,447,MegaFauna,2,0.876
2025-04-29 10:53:19,458,MegaFauna,2,0.894
2025-04-29 10:53:19,462,MegaFauna,2,0.896
2025-04-29 10:53:19,466,MegaFauna,2,0.904
2025-04-29 10:53:20,470,MegaFauna,2,0.895
2025-04-29 10:53:20,474,MegaFauna,2,0.906
2025-04-29 10:53:21,477,MegaFauna,2,0.91
2025-04-29 10:53:21,481,MegaFauna,2,0.917
2025-04-29 10:53:21,484,MegaFauna,2,0.93
2025-04-29 10:53:22,487,MegaFauna,2,0.909
2025-04-29 10:53:22,491,MegaFauna,2,0.853
2025-04-29 10:53:26,524,FishInv,4,0.879
2025-04-29 10:53:26,528,MegaFauna,2,0.847
2025-04-29 10:53:27,531,MegaFauna,2,0.911
2025-04-29 10:53:27,535,MegaFauna,2,0.928
